{"Losses/train_all_loss": 4.469839219003916, "Losses/train_all_loss_mask": 0.06652484730875585, "Losses/train_all_loss_dice": 2.344116527121514, "Losses/train_all_loss_iou": 0.7952256118878722, "Losses/train_all_loss_class": 1.6144819848617868e-07, "Losses/train_all_core_loss": 4.469839219003916, "Trainer/where": 0.0248046875, "Trainer/epoch": 0, "Trainer/steps_train": 128}
{"Losses/train_all_loss": 3.3905044980347157, "Losses/train_all_loss_mask": 0.048888312085182406, "Losses/train_all_loss_dice": 1.8552738088183105, "Losses/train_all_loss_iou": 0.5574633737560362, "Losses/train_all_loss_class": 1.1110114003984577e-06, "Losses/train_all_core_loss": 3.3905044980347157, "Trainer/where": 0.0498046875, "Trainer/epoch": 1, "Trainer/steps_train": 256}
